MJR,SAEM,Miramar Airport,"-38,22710000","-57,86970000"
COC,SAAC,Comodoro Pierrestegui Airport,"-31,29690000","-57,99660000"
GHU,SAAG,Gualeguaychu Airport,"-33,00556700","-58,61283300"
PRA,SAAP,General Urquiza Airport,"-31,79480000","-60,48040000"
ROS,SAAR,Rosario Islas Malvinas International Airport,"-32,90360000","-60,78500000"
SFN,SAAV,Sauce Viejo Airport,"-31,71170000","-60,81170000"
AEP,SABE,Aeroparque Jorge Newbery,"-34,55941900","-58,41553600"
LCM,SACC,La Cumbre Airport,"-31,00580000","-64,53189800"
COR,SACO,Ingeniero Aeronáutico Ambrosio L.V. Taravella International Airport,"-31,31234600","-64,20832900"
LPG,SADL,La Plata Airport,"-34,97220000","-57,89470000"
EPA,SADP,El Palomar Airport,"-34,60990000","-58,61260000"
EZE,SAEZ,Ezeiza International Airport - Ministro Pistarini,"-34,82220000","-58,53580000"
RAF,SAFR,Rafaela Airport,"-31,28250000","-61,50170000"
NCJ,SAFS,Sunchales Aeroclub Airport,"-30,95750000","-61,52830000"
HOS,SAHC,Chos Malal Airport,"-37,44469800","-70,22250400"
CVH,SAHE,Caviahue Airport,"-37,85139800","-71,00920100"
GNR,SAHR,Dr. Arturo H. Illia Airport,"-39,00070200","-67,62049900"
RDS,SAHS,Rincon De Los Sauces Airport,"-37,39059800","-68,90419800"
APZ,SAHZ,Zapala Airport,"-38,97549800","-70,11360200"
SAM,,Salamo Airport,"-9,67010000","150,79030000"
MDZ,SAME,Governor Francisco Gabrielli International Airport,"-32,83169900","-68,79290000"
LGS,SAMM,Comodoro D.R. Salomón Airport,"-35,49359900","-69,57430300"
AFA,SAMR,Suboficial Ay Santiago Germano Airport,"-34,58829900","-68,40390000"
CTC,SANC,Coronel Felipe Varela International Airport,"-28,59311700","-65,75120000"
SDE,SANE,Vicecomodoro Angel D. La Paz Aragonés Airport,"-27,76555634","-64,30999756"
IRJ,SANL,Capitan V A Almonacid Airport,"-29,38159900","-66,79579900"
RHD,SANR,Termas de Río Hondo international Airport,"-27,49660000","-64,93595000"
TUC,SANT,Teniente Benjamín Matienzo International Airport,"-26,83739700","-65,10419500"
UAQ,SANU,Domingo Faustino Sarmiento Airport,"-31,57150100","-68,41819800"
CRR,SANW,Ceres Airport,"-29,87229200","-61,92792500"
RCU,SAOC,Area De Material Airport,"-33,08509800","-64,26129900"
VDR,SAOD,Villa Dolores Airport,"-31,94520000","-65,14630100"
VME,SAOR,Villa Reynolds Airport,"-33,72990036","-65,38739777"
RLO,SAOS,Valle Del Conlara International Airport,"-32,38470100","-65,18650100"
LUQ,SAOU,Brigadier Mayor D Cesar Raul Ojeda Airport,"-33,27320100","-66,35640000"
CNQ,SARC,Corrientes Airport,"-27,44550000","-58,76190000"
RES,SARE,Resistencia International Airport,"-27,44991000","-59,05612500"
FMA,SARF,Formosa National Airport,"-26,21270000","-58,22810000"
IGR,SARI,Cataratas Del Iguazú International Airport,"-25,73730100","-54,47340000"
AOL,SARL,Paso De Los Libres Airport,"-29,68940000","-57,15210000"
MCS,SARM,Monte Caseros Airport,"-30,27190000","-57,64020000"
PSS,SARP,Libertador Gral D Jose De San Martin Airport,"-27,38580000","-55,97070000"
PRQ,SARS,Termal Airport,"-26,75361100","-60,49222200"
SLA,SASA,Martín Miguel de Güemes International Airport,"-24,85600100","-65,48619800"
JUJ,SASJ,Gobernador Horacio Guzman International Airport,"-24,39279900","-65,09780100"
ORA,SASO,Orán Airport,"-23,15280000","-64,32920100"
TTG,SAST,General Enrique Mosconi Airport,"-22,61687700","-63,79301500"
CLX,SATC,Aeródromo de Clorinda,"-25,30360000","-57,73440000"
ELO,SATD,El Dorado Airport,"-26,39749900","-54,57469900"
OYA,SATG,Goya Airport,"-29,10580000","-59,21890000"
LLS,SATK,Alferez Armando Rodriguez Airport,"-24,72139900","-60,54880100"
MDX,SATM,Mercedes Airport,"-29,22139900","-58,08779900"
RCQ,SATR,Reconquista Airport,"-29,21027800","-59,68333300"
UZU,SATU,Curuzu Cuatia Airport,"-29,77060000","-57,97890000"
EHL,SAVB,El Bolsón Airfield,"-41,94319900","-71,53230300"
CRD,SAVC,General Enrique Mosconi International Airport,"-45,78694100","-67,46335500"
EMX,SAVD,El Maitén Airport,"-42,02920200","-71,17250100"
EQS,SAVE,Esquel Brigadier Antonio Parodi International Airport,"-42,90800100","-71,13950300"
LHS,SAVH,Las Heras Airport,"-46,53851700","-68,96532300"
IGB,SAVJ,Ingeniero Jacobacci - Captain H R Bordón Airport,"-41,32090000","-69,57489800"
OLN,SAVM,Lago Musters Airport,"-45,57520000","-69,07700000"
OES,SAVN,Antoine de Saint Exupéry Airport,"-40,75120000","-65,03430000"
MQD,SAVQ,Maquinchao Airport,"-41,24309921","-68,70780182"
ARR,SAVR,D. Casimiro Szlapelis Airport,"-45,01359900","-70,81220200"
SGV,SAVS,Sierra Grande Airport,"-41,59170200","-65,33940100"
REL,SAVT,Almirante Marco Andres Zar Airport,"-43,21050000","-65,27030000"
VDM,SAVV,Gobernador Castello Airport,"-40,86920000","-63,00040000"
PMY,SAVY,El Tehuelche Airport,"-42,75920000","-65,10270000"
FTE,SAWC,El Calafate - Commander Armando Tola International Airport,"-50,28199700","-72,05394900"
PUD,SAWD,Puerto Deseado Airport,"-47,73530000","-65,90410000"
RGA,SAWE,Gobernador Ramón Trejo Noel International Airport,"-53,77770000","-67,74940000"
RGL,SAWG,Piloto Civil Norberto Fernández International Airport,"-51,60879100","-69,30894800"
USH,SAWH,Ushuaia - Malvinas Argentinas International Airport,"-54,84330000","-68,29580000"
ULA,SAWJ,Capitan D Daniel Vazquez Airport,"-49,30681600","-67,80259600"
ROY,SAWM,Rio Mayo Airport,"-45,70389900","-70,24559800"
PMQ,SAWP,Perito Moreno Jalil Hamer Airport,"-46,53789900","-70,97869900"
GGS,SAWR,Gobernador Gregores Airport,"-48,78310000","-70,15000200"
JSM,SAWS,Jose De San Martin Airport,"-44,04859924","-70,45890045"
RYO,SAWT,28 de Noviembre Airport,"-51,60500000","-72,22030000"
RZA,SAWU,Santa Cruz Airport,"-50,01650000","-68,57920000"
BHI,SAZB,Comandante Espora Airport,"-38,72500000","-62,16930000"
CSZ,SAZC,Brigadier D.H.E. Ruiz Airport,"-37,44609800","-61,88930100"
OVR,SAZF,Olavarria Airport,"-36,88999900","-60,21659900"
GPO,SAZG,General Pico Airport,"-35,69620100","-63,75830100"
OYO,SAZH,Tres Arroyos Airport,"-38,38690000","-60,32970000"
SST,SAZL,Santa Teresita Airport,"-36,54230000","-56,72180000"
MDQ,SAZM,Ástor Piazzola International Airport,"-37,93420000","-57,57330000"
NQN,SAZN,Presidente Perón International Airport,"-38,94900100","-68,15570100"
NEC,SAZO,Necochea Airport,"-38,49074600","-58,81633700"
PEH,SAZP,Comodoro Pedro Zanni Airport,"-35,84460000","-61,85760000"
RSA,SAZR,Santa Rosa Airport,"-36,58829900","-64,27570300"
BRC,SAZS,Teniente Luis Candelaria International Airport,"-41,15119900","-71,15750100"
TDL,SAZT,Héroes de Malvinas Airport,"-37,23463400","-59,22864700"
VLG,SAZV,Villa Gesell Airport,"-37,23540000","-57,02920000"
CUT,SAZW,Cutral-Co Airport,"-38,93970100","-69,26460300"
CPC,SAZY,Aviador C. Campos Airport,"-40,07540100","-71,13729900"
VIU,AGVH,Viru Harbour Airstrip,"-8,50845700","157,68998600"
CDJ,SBAA,Conceição do Araguaia Airport,"-8,34835000","-49,30149800"
ARX,SBAC,Aracati Dragão do Mar Regional Airport,"-4,56889600","-37,80513500"
JTC,SBAE,Bauru/Arealva–Moussa Nakhal Tobias State Airport,"-22,16075500","-49,07032500"
AQA,SBAQ,Araraquara Airport,"-21,81200000","-48,13299900"
AJU,SBAR,Aracaju - Santa Maria Airport,"-10,98394000","-37,07287300"
AFL,SBAT,Piloto Osvaldo Marques Dias Airport,"-9,86638900","-56,10629800"
ARU,SBAU,Araçatuba Airport,"-21,14147900","-50,42457500"
AAX,SBAX,Romeu Zema Airport,"-19,56320000","-46,96040000"
BEL,SBBE,Val de Cans/Júlio Cezar Ribeiro International Airport,"-1,37927900","-48,47620700"
BGX,SBBG,Comandante Gustavo Kraemer Airport,"-31,39049900","-54,11220200"
PLU,SBBH,Pampulha - Carlos Drummond de Andrade Airport,"-19,85074000","-43,95031600"
BFH,SBBI,Bacacheri Airport,"-25,40510000","-49,23199800"
BJP,SBBP,Estadual Arthur Siqueira Airport,"-22,97882200","-46,53713100"
BSB,SBBR,Presidente Juscelino Kubitschek International Airport,"-15,86916700","-47,92083400"
BAT,SNBA,Chafei Amsei Airport,"-20,58463100","-48,59412500"
BVB,SBBV,Atlas Brasil Cantanhede International Airport,"2,84615000","-60,69064800"
BPG,SBBW,Barra do Garças Airport,"-15,86141700","-52,38900800"
BZC,SSBZ,Umberto Modiano Airport,"-22,77088100","-41,96308000"
CAC,SBCA,Coronel Adalberto Mendes da Silva Airport,"-25,00032300","-53,50120800"
CFB,SBCB,Cabo Frio Airport,"-22,92148500","-42,07187400"
CFC,SBCD,Doctor Carlos Alberto da Costa Neves Airport,"-26,78742300","-50,93994200"
CNF,SBCF,Tancredo Neves International Airport,"-19,63571000","-43,96692800"
CGR,SBCG,Campo Grande Airport,"-20,46999800","-54,67398800"
XAP,SBCH,Serafin Enoss Bertaso Airport,"-27,13419900","-52,65660100"
CLN,SBCI,Brig. Lysias Augusto Rodrigues Airport,"-7,32044000","-47,45869800"
CKS,SBCJ,Carajás Airport,"-6,11784100","-50,00337200"
CCM,SSIM,Forquilhinha - Criciúma  Airport,"-28,72574300","-49,42447500"
CLV,SBCN,Nelson Ribeiro Guimarães Airport,"-17,72509600","-48,60632400"
QNS,SBCO,Canoas Air Force Base,"-29,94592800","-51,14441300"
CAW,SBCP,Bartolomeu Lisandro Airport,"-21,69829900","-41,30170100"
CMG,SBCR,Corumbá International Airport,"-19,01193000","-57,67277200"
CWB,SBCT,Curitiba-Afonso Pena International Airport,"-25,52850000","-49,17580000"
CRQ,SSCV,Caravelas Airport,"-17,65230000","-39,25310100"
CXJ,SBCX,Hugo Cantergiani Regional Airport,"-29,19718300","-51,18764700"
CGB,SBCY,Várzea Grande–Marechal Rondon International Airport,"-15,65290000","-56,11669900"
CZS,SBCZ,Cruzeiro do Sul Airport,"-7,59991000","-72,76950100"
BYO,SBDB,Bonito Airport,"-21,24730000","-56,45239900"
PPB,SBDN,Presidente Prudente Airport,"-22,17510000","-51,42459900"
DOU,SBDO,Dourados Airport,"-22,20190000","-54,92660100"
MAO,SBEG,Eduardo Gomes International Airport,"-3,03861000","-60,04970200"
JCR,SBEK,Jacareacanga Airport,"-6,23316000","-57,77690100"
IGU,SBFI,Cataratas International Airport,"-25,59416700","-54,48944400"
FLN,SBFL,Hercílio Luz International Airport,"-27,67027900","-48,55250200"
FEN,SBFN,Fernando de Noronha Airport,"-3,85453400","-32,42301700"
FOR,SBFZ,Pinto Martins International Airport,"-3,77583300","-38,53222200"
GIG,SBGL,Rio Galeão – Tom Jobim International Airport,"-22,80999900","-43,25055700"
GJM,SBGM,Guajará-Mirim Airport,"-10,78641000","-65,28486000"
GYN,SBGO,Santa Genoveva International Airport,"-16,63200000","-49,22069900"
GRU,SBGR,São Paulo/Guarulhos–Governor André Franco Montoro International Airport,"-23,43127400","-46,46995400"
GPB,SSGG,Tancredo Thomas de Faria Airport,"-25,38832700","-51,52349000"
GVR,SBGV,Coronel Altino Machado Airport,"-18,89588200","-41,98286900"
GUJ,SBGW,Edu Chaves Field,"-22,79159900","-45,20480000"
ATM,SBHT,Altamira Interstate Airport,"-3,25314400","-52,25393800"
ITA,SBIC,Itacoatiara Airport,"-3,12653900","-58,48166800"
ITB,SBIH,Itaituba Airport,"-4,24213100","-56,00065100"
IOS,SBIL,Bahia - Jorge Amado Airport,"-14,81592900","-39,03345800"
IPN,SBIP,Usiminas Airport,"-19,47069900","-42,48759800"
ITR,SBIT,Francisco Vilela do Amaral Airport,"-18,44470000","-49,21340200"
IMP,SBIZ,Prefeito Renato Moreira Airport,"-5,53129000","-47,45999900"
JJG,SBJA,Humberto Ghizzo Bortoluzzi Regional Airport,"-28,67530000","-49,05960000"
QDV,SBJD,Comte. Rolim Adolfo Amaro–Jundiaí State Airport,"-23,18086100","-46,94392100"
JJD,SBJE,Comandante Ariston Pessoa Airport,"-2,90642500","-40,35733800"
JDF,SBJF,Francisco de Assis Airport,"-21,79148200","-43,38607200"
JHF,SBJH,São Paulo Catarina Executive Airport,"-23,42688600","-47,16565800"
JPR,SBJI,Ji-Paraná Airport,"-10,87074300","-61,84667500"
JPA,SBJP,Presidente Castro Pinto International Airport,"-7,14869100","-34,95055400"
RRJ,SBJR,Jacarepaguá - Roberto Marinho Airport,"-22,98677300","-43,37219400"
JDO,SBJU,Orlando Bezerra de Menezes Airport,"-7,21932000","-39,26909600"
JOI,SBJV,Lauro Carneiro de Loyola Airport,"-26,22450100","-48,79740100"
CPV,SBKG,Presidente João Suassuna Airport,"-7,26966200","-35,89605700"
VCP,SBKP,Viracopos International Airport,"-23,00740400","-47,13450200"
LEC,SBLE,Coronel Horácio de Mattos Airport,"-12,48230000","-41,27700000"
LAJ,SBLJ,Lages Airport,"-27,78210100","-50,28150200"
LIP,SWXQ,Lins Airport,"-21,66349100","-49,72995400"
LDB,SBLO,Governor José Richa Airport,"-23,33437500","-51,12836500"
LAZ,SBLP,Bom Jesus da Lapa Airport,"-13,26210000","-43,40810000"
MAB,SBMA,João Correa da Rocha Airport,"-5,36859000","-49,13800000"
MQH,SWIQ,Minaçu Airport,"-13,54910000","-48,19530100"
MEU,SBMD,Monte Dourado - Serra do Areão Airport,"-0,88983900","-52,60220000"
MEA,SBME,Macaé Benedito Lacerda Airport,"-22,34300000","-41,76599900"
MGF,SBMG,Regional de Maringá - Sílvio Name Júnior Airport,"-23,47606000","-52,01618700"
MOC,SBMK,Mário Ribeiro Airport,"-16,70691900","-43,81890100"
MII,SBML,Frank Miloye Milenkowichi–Marília State Airport,"-22,19689900","-49,92648500"
PLL,SBMN,Ponta Pelada Airport / Manaus Air Base,"-3,14604000","-59,98630100"
MCZ,SBMO,Zumbi dos Palmares International Airport,"-9,51255900","-35,79183900"
MCP,SBMQ,Macapá - Alberto Alcolumbre International Airport,"0,05066400","-51,07220100"
MVF,SBMS,Dix-Sept Rosado Airport,"-5,20192000","-37,36430000"
RTE,SBMT,Campo de Marte Airport,"-23,50910000","-46,63779800"
MNX,SBMY,Manicoré Airport,"-5,81138000","-61,27830100"
NVT,SBNF,Ministro Victor Konder International Airport,"-26,87943100","-48,65097900"
GEL,SBNM,Santo Ângelo Airport,"-28,28250300","-54,16962300"
OYK,SBOI,Oiapoque Airport,"3,85412000","-51,79705600"
POA,SBPA,Porto Alegre-Salgado Filho International Airport,"-29,99398400","-51,16748200"
PHB,SBPB,Parnaíba - Prefeito Doutor João Silva Filho International Airport,"-2,89375000","-41,73199800"
POO,SBPC,Poços de Caldas - Embaixador Walther Moreira Salles Airport,"-21,84252900","-46,56976800"
PFB,SBPF,Lauro Kurtz Airport,"-28,24397600","-52,32777000"
PGZ,SBPG,Ponta Grossa Airport - Comandante Antonio Amilton Beraldo,"-25,18447600","-50,14382200"
PMW,SBPJ,Brigadeiro Lysias Rodrigues Airport,"-10,29150000","-48,35699800"
PET,SBPK,João Simões Lopes Neto International Airport,"-31,71718900","-52,32779600"
PNZ,SBPL,Senador Nilo Coelho Airport,"-9,36242200","-40,56909800"
PNB,SDPE,Porto Nacional Airport,"-10,71940200","-48,39970000"
PTO,SBPO,Juvenal Loureiro Cardoso Airport,"-26,21718400","-52,69446300"
PMG,SBPP,Ponta Porã Airport,"-22,54960100","-55,70259900"
BPS,SBPS,Porto Seguro International Airport,"-16,43842600","-39,08058400"
PVH,SBPV,Governador Jorge Teixeira de Oliveira International Airport,"-8,70849100","-63,90233800"
RBR,SBRB,Rio Branco-Plácido de Castro International Airport,"-9,86903100","-67,89398400"
ROO,SBRD,Maestro Marinho Franco Airport,"-16,58429200","-54,72480300"
REC,SBRF,Recife/Guararapes - Gilberto Freyre International Airport,"-8,12747000","-34,92296100"
SDU,SBRJ,Santos Dumont Airport,"-22,91039700","-43,16282000"
RAO,SBRP,Leite Lopes Airport,"-21,13431400","-47,77405300"
BRB,SSRS,Barreirinhas National Airport,"-2,75664400","-42,80318700"
SNZ,SBSC,Santa Cruz Air Force Base,"-22,93240000","-43,71910100"
NAT,SBSG,Rio Grande do Norte/São Gonçalo do Amarante–Governador Aluízio Alves International Airport,"-5,76982200","-35,36661000"
OPS,SBSI,Presidente João Batista Figueiredo Airport,"-11,88500100","-55,58610900"
SJK,SBSJ,Professor Urbano Ernesto Stumpf Airport,"-23,22920000","-45,86150000"
SLZ,SBSL,Marechal Cunha Machado International Airport,"-2,58638600","-44,23500800"
RIA,SBSM,Santa Maria Airport,"-29,71139900","-53,68820200"
STM,SBSN,Santarém - Maestro Wilson Fonseca International Airport,"-2,42242300","-54,79306000"
SMT,SBSO,Adolino Bedin Regional Airport,"-12,47917700","-55,67234100"
CGH,SBSP,Congonhas–Deputado Freitas Nobre Airport,"-23,62765700","-46,65460100"
SJP,SBSR,Prof. Eribelto Manoel Reino State Airport,"-20,81711300","-49,40696300"
SSZ,SBST,Santos Nero Moura Air Base / Guarujá Airport,"-23,92819200","-46,30019500"
SSA,SBSV,Deputado Luiz Eduardo Magalhães International Airport,"-12,90861100","-38,32249800"
TMT,SBTB,Trombetas Airport,"-1,48960000","-56,39680100"
UNA,SBTC,Una-Comandatuba Airport,"-15,35435800","-38,99872900"
TOW,SBTD,Toledo - Luiz Dalcanale Filho Municipal Airport,"-24,68630000","-53,69749800"
THE,SBTE,Senador Petrônio Portela Airport,"-5,06025000","-42,82371200"
TFF,SBTF,Tefé Airport,"-3,38294000","-64,72409800"
TJL,SBTG,Plínio Alarcom Airport,"-20,75264300","-51,68202600"
TRQ,SBTK,Tarauacá Airport,"-8,15553400","-70,78298500"
TEC,SSVL,Telêmaco Borba Airport,"-24,31780100","-50,65160000"
TSQ,SSTE,Torres Airport,"-29,41490000","-49,81000100"
TBT,SBTT,Tabatinga International Airport,"-4,25567000","-69,93579900"
TUR,SBTU,Tucuruí Airport,"-3,78601000","-49,72029900"
SJL,SBUA,São Gabriel da Cachoeira Airport,"-0,14835000","-66,98550000"
PAV,SBUF,Paulo Afonso Airport,"-9,40088000","-38,25059900"
URG,SBUG,Rubem Berta Airport,"-29,78220000","-57,03820000"
UDI,SBUL,Ten. Cel. Aviador César Bombonato Airport,"-18,88357900","-48,22593600"
UBA,SBUR,Mário de Almeida Franco Airport,"-19,76503600","-47,96480500"
RPU,SBUY,Urucu Airport,"-4,88426300","-65,35542100"
VAG,SBVG,Major Brigadeiro Trompowsky Airport,"-21,59137500","-45,47411600"
BVH,SBVH,Brigadeiro Camarão Airport,"-12,69440000","-60,09830100"
VIX,SBVT,Eurico de Aguiar Salles International Airport,"-20,25800000","-40,28500000"
IZA,SBZM,Presidente Itamar Franco Airport,"-21,51308600","-43,17306900"
ZUD,SCAC,Pupelde Airport,"-41,90425100","-73,79657100"
LOB,SCAN,San Rafael Airport,"-32,81391200","-70,64664200"
WAP,SCAP,Alto Palena Airport,"-43,61149200","-71,80545200"
ARI,SCAR,Chacalluta International Airport,"-18,34849900","-70,33869900"
WPA,SCAS,Cabo Juan Román Airfield,"-45,39920000","-72,67030300"
CPO,SCAT,Desierto de Atacama Airport,"-27,26120000","-70,77919800"
BBA,SCBA,Balmaceda Airport,"-45,91596800","-71,68949900"
TOQ,SCBE,Barriles Airport,"-22,14110000","-70,06289700"
DPB,SCBI,Pampa Guanaco Airport,"-54,04997700","-68,80919300"
CCH,SCCC,Chile Chico Airport,"-46,58310000","-71,68632300"
CJC,SCCF,El Loa Airport,"-22,49819900","-68,90360300"
YAI,SCCH,Gral. Bernardo O´Higgins Airport,"-36,58250000","-72,03140300"
PUQ,SCCI,President Carlos Ibáñez International Airport,"-53,00260200","-70,85459900"
COW,SCCQ,Tambillos Airport,"-30,19888900","-71,24694400"
GXQ,SCCY,Teniente Vidal Airport,"-45,59420000","-72,10610200"
IQQ,SCDA,Diego Aracena International Airport,"-20,53627300","-70,18137300"
SCL,SCEL,Comodoro Arturo Merino Benítez International Airport,"-33,39300156","-70,78579712"
ESR,SCES,Ricardo García Posada Airport,"-26,31110000","-69,76519800"
FRT,SCEV,El Avellano Airport,"-41,05166600","-73,35111000"
ANF,SCFA,Andrés Sabella Gálvez International Airport,"-23,44527400","-70,44523200"
WPR,SCFM,Captain Fuentes Martinez Airport,"-53,25370000","-70,31919900"
FFU,SCFT,Futaleufú Airport,"-43,18920100","-71,85109700"
UGL,SCGC,Union Glacier Blue-Ice Runway,"-79,77777800","-83,32083300"
LSQ,SCGE,María Dolores Airport,"-37,40169900","-72,42540000"
WPU,SCGZ,Guardia Marina Zañartu Airport,"-54,93109900","-67,62629700"
LGR,SCHR,Cochrane Airport,"-47,24359100","-72,58815000"
CCP,SCIE,Carriel Sur International Airport,"-36,77235000","-73,06282800"
IPC,SCIP,Mataveri International Airport,"-27,16541100","-109,42102700"
ZOS,SCJO,Cañal Bajo Carlos Hott Siebert Airport,"-40,61119800","-73,06099700"
CPP,SCKP,Coposa Airport,"-20,75050000","-68,68350200"
VLR,SCLL,Vallenar Airport,"-28,59639900","-70,75599700"
ZLR,SCLN,Municipal de Linares Airport,"-35,86169800","-71,54859900"
PNT,SCNT,Lieutenant Julio Gallardo Airport,"-51,67067000","-72,52907800"
OVL,SCOV,El Tuqui Airport,"-30,55920000","-71,17559800"
ZPC,SCPC,Pucón Airport,"-39,29280100","-71,91590100"
MHC,SCPQ,Mocopulli Airport,"-42,34038800","-73,71569300"
PUX,SCPV,El Mirador Airport,"-41,34940000","-72,94670100"
ZCO,SCQP,La Araucanía International Airport,"-38,92590000","-72,65150000"
CNR,SCRA,Chañaral Airport,"-26,33250000","-70,60730000"
VAP,SCRD,Rodelillo Airport,"-33,06810000","-71,55750300"
TNM,SCRM,Teniente Rodolfo Marsh Martin Airport,"-62,19102600","-58,98669000"
SMB,SCSB,Franco Bianco Airport,"-52,73669800","-69,33360300"
LSC,SCSE,La Florida Airport,"-29,91620100","-71,19950100"
SSD,SCSF,Víctor Lafón Airport,"-32,74580000","-70,70500200"
WCA,SCST,Gamboa Airport,"-42,49029900","-73,77279700"
PZS,SCTC,Maquehue Airport,"-38,76679993","-72,63710022"
PMC,SCTE,El Tepual International Airport,"-41,44309300","-73,09406500"
TLX,SCTL,Panguilemo Airport,"-35,37780000","-71,60170000"
WCH,SCTN,Nuevo Chaitén Airport,"-42,78194300","-72,83499900"
ZIC,SCTO,Victoria Airport,"-38,24560200","-72,34860200"
TTC,SCTT,Las Breas Airport,"-25,56430100","-70,37590000"
ZAL,SCVD,Pichoy Airport,"-39,65000153","-73,08609772"
KNA,SCVM,Viña del Mar Airport,"-32,94960000","-71,47860000"
BVM,SD6P,Belmonte Airport,"-15,87170000","-38,87189900"
GDR,SDAG,Angra dos Reis Airport,"-22,97530000","-44,30709800"
OLC,SDCG,Senadora Eunice Micheles Airport,"-3,46907000","-68,92105600"
SOD,SDCO,Sorocaba Airport,"-23,47800100","-47,49000200"
JTN,SDIM,Itanhaém Airport,"-24,15972900","-46,79060400"
FEC,SDIY,João Durval Carneiro Airport,"-12,20069400","-38,90616400"
JLS,SDJL,Jales Airport,"-20,29229600","-50,54554600"
PBA,SDLO,Fábio Perini Airport,"-13,56480000","-38,93999900"
JMR,SBMI,Maricá Airport,"-22,91950000","-42,83089800"
NVM,SDNM,Brigadeiro Eduardo Gomes Airport,"-13,82102100","-56,03859100"
OUS,SDOU,Jornalista Benedito Pimentel Airport,"-22,96659800","-49,91204900"
OIA,SDOW,Ourilândia do Norte Airport,"-6,76299200","-51,04993000"
REZ,SDRS,Resende Airport,"-22,47850000","-44,48030100"
QSC,SDSC,Mário Pereira Lopes–São Carlos International Airport,"-21,87503200","-47,90385100"
JPY,SDTK,Paraty Airport,"-23,22404400","-44,72340000"
UBT,SDUB,Ubatuba Gastão Madeira State Airport,"-23,44112200","-45,07581400"
ITP,SDUN,Itaperuna Airport,"-21,21929932","-41,87590027"
VOT,SDVG,Domingos Pignatari Airport,"-20,45842600","-50,00313400"
JTA,SDZG,Pedro Teixeira Castelo Airport,"-5,93340000","-40,29750000"
HUV,ESNH,Hudiksvall Airport,"61,76808700","17,08071500"
ATF,SEAM,Chachoán Regional Airport,"-1,21207000","-78,57460000"
OCC,SECO,Francisco De Orellana Airport,"-0,46288600","-76,98680100"
CUE,SECU,Mariscal Lamar Airport,"-2,88947000","-78,98439800"
GPS,SEGS,Seymour Galapagos Ecological Airport,"-0,45375800","-90,26590000"
GYE,SEGU,José Joaquín de Olmedo International Airport,"-2,15742000","-79,88359800"
IBB,SEII,General Villamil Airport,"-0,94262800","-90,95300300"
TNW,SEJD,Jumandy Airport,"-1,06018500","-77,58052500"
JIP,SEJI,Jipijapa Airport,"-1,00000000","-80,66666412"
LTX,SELT,Cotopaxi International Airport,"-0,90683300","-78,61579900"
MRR,SEMA,Jose Maria Velasco Ibarra Airport,"-4,37823009","-79,94100189"
XMS,SEMC,Coronel E Carvajal Airport,"-2,29917002","-78,12079620"
MEC,SEMT,Eloy Alfaro International Airport,"-0,94607800","-80,67880249"
LGQ,SENL,Nueva Loja Airport,"0,09305600","-76,86750031"
PYO,SEPT,Putumayo Airport,"0,11594900","-75,85022000"
PVO,SEPV,Reales Tamarindos Airport,"-1,04165000","-80,47219800"
UIO,SEQM,Mariscal Sucre International Airport,"-0,12539900","-78,35430600"
ETR,SERO,Santa Rosa - Artillery Colonel Victor Larrea International Airport,"-3,44198600","-79,99695700"
SNC,SESA,General Ulpiano Paez International Airport,"-2,21005700","-80,98506700"
SUQ,SESC,Sucúa Airport,"-2,47420100","-78,16904100"
PTZ,SESM,Rio Amazonas Airport,"-1,50524000","-78,06269800"
SCY,SEST,San Cristóbal Airport,"-0,91020600","-89,61740100"
BHA,SESV,Los Perales Airport,"-0,60811100","-80,40270200"
TSC,SETH,Taisha Airport,"-2,38167000","-77,50280000"
TPN,SETI,Tiputini Airport,"-0,77611100","-75,52639800"
LOH,SECA,Ciudad de Catamayo Airport,"-3,99560600","-79,37190200"
ESM,SETN,Carlos Concha Torres International Airport,"0,97851900","-79,62660200"
TPC,SETR,Tarapoa Airport,"-0,12295600","-76,33779900"
TUA,SETU,Lieutenant Colonel Luis A. Mantilla International Airport,"0,80950600","-77,70809900"
PSY,SFAL,Port Stanley Airport,"-51,68569900","-57,77759900"
ASU,SGAS,Silvio Pettirossi International Airport,"-25,24015600","-57,51922700"
AYO,SGAY,Aeropuerto Nacional Juan de Ayolas,"-27,37837900","-56,85679100"
BFA,SGBN,Bahía Negra Airport,"-20,23077700","-58,17045500"
CIO,SGCO,Lieutenant Colonel Carmelo Peralta National Airport,"-23,44160900","-57,42703900"
ENO,SGEN,Teniente Ramon A. Ayub Gonzalez International Airport,"-27,22753700","-55,83758400"
AGT,SGES,Guaraní International Airport,"-25,45718600","-54,83954400"
FLM,SGFI,Aeródromo de Filadelfia,"-22,35461100","-60,05321100"
ESG,SGME,Dr. Luis María Argaña International Airport,"-22,04649900","-60,62170000"
OLK,SGOL,Aeródromo de Fuerte,"-21,04572400","-57,88293500"
PIL,SGPI,Aeródromo Don Carlos Miguel Gimenez,"-26,88198100","-58,31906700"
PJC,SGPJ,Aeropuerto Nacional Dr. Augusto Roberto Fuster,"-22,64142700","-55,82999300"
SIC,,San José Island Airport,"8,26220000","-79,07800000"
ITJ,SIJY,Campo Comandantes Airport,"-26,98305500","-48,81638700"
LVR,SILC,Municipal Bom Futuro Airport,"-13,03786100","-55,95025000"
SFV,SSA2,Santa Fé do Sul Airport,"-20,22847300","-50,96894300"
FRC,SIMK,Tenente Lund Pressoto Airport,"-20,59219900","-47,38290000"
MUU,SIRI,Barra Grande Airport,"-13,90608200","-38,94080400"
JUA,SIZX,Inácio Luís do Nascimento Airport,"-11,29660000","-57,54950000"
SJF,,Cruz Bay Seaplane Base,"18,33150000","-64,79600000"
CFO,SJHG,Confresa Airport,"-10,63329600","-51,56583600"
NPR,SJNP,Novo Progresso Airport,"-7,12583300","-55,40083300"
AQM,SJOG,Ariquemes Airport,"-9,88043600","-63,04711500"
JRT,SNRJ,Juruti Airport,"-2,18666700","-56,09027900"
RIG,SJRG,Rio Grande Regional Airport,"-32,08306500","-52,16718400"
ARS,SJVO,Aragarças Airport,"-15,89940000","-52,24110000"
ECO,,El Encanto Airport,"-1,75333333","-73,20472222"
MIX,,Miriti Parana Airport,"-0,88601700","-70,98344600"
ARO,,Arboletes Airport,"8,85511800","-76,42267600"
ULS,,Mulatos Airport,"8,64019000","-76,71884000"
SJR,,San Juan De Uraba Airport,"8,76666700","-76,53333300"
NPU,,San Pedro Airport,"8,28932500","-76,37500600"
PCC,,Puerto Rico Airport,"1,91666700","-75,16666700"
SQF,,Solano Airport,"0,70202200","-75,25050000"
AYI,,Yari Airport,"-0,38333300","-72,26666700"
CUI,,Currillo Airport,"4,66666700","-72,00000000"
MOY,,Monterrey Airport,"4,90692600","-72,89480900"
NUH,,Nunchia Airport,"5,65000000","-72,20000000"
EUO,,Paratebueno Airport,"4,40129500","-73,18838100"
PRE,,Pore Airport,"5,73333300","-71,98333300"
SQE,,San Luis De Palenque Airport,"5,40018100","-71,70010000"
TTM,SQUJ,Tablón De Tamara Airport,"5,72666700","-72,10055600"
LMX,,Lopez de Micay Airport,"2,84117700","-77,23721400"
AYC,,Ayacucho Airport,"8,60214900","-73,61286600"
GRA,,Gamarra Airport,"8,20199000","-73,76530000"
DZI,,Las Flores Airport,"10,09660800","-73,23370000"
SJH,,San Juan Del César Airport,"10,76666700","-73,01666700"
PZR,SQZJ,Pizarro Airport,"4,96162100","-77,36391300"
UNC,,Unguía Airport,"8,03271400","-77,09175100"
AYA,,Ayapel Airport,"8,30000000","-75,15000000"
SCA,,Santa Catalina Airport,"8,50000000","-76,17500000"
MND,,Medina Airport,"4,48368700","-73,34473900"
NAD,,Macanal Airport,"2,80896700","-67,62168300"
GCA,,Guacamayas Airport,"2,28333300","-74,95000000"
SRO,,Santana Ramos Airport,"2,21666700","-75,25000000"
IVO,,Chivolo Airport,"10,01666700","-74,68333300"
GAA,,Guamal Airport,"9,15000000","-74,23333300"
BAC,,Barranca De Upia Airport,"4,58333300","-72,96666700"
CJD,,Candilejas Airport,"2,06666700","-74,58333300"
CQT,,Caquetania Airport,"2,03333300","-74,21666700"
ELJ,,El Recreo Airport,"2,00000000","-74,13333300"
MSK,SKMO,Morelia Airport,"3,75045300","-71,45613700"
SOH,,Solita Airport,"3,01666700","-71,75000000"
MQR,,Mosquera Airport,"2,64955000","-78,33610000"
PYN,,Payán Airport,"1,80000000","-78,16666700"
ISD,,Santa Bárbara Airport,"2,44582500","-77,98175300"
AZT,,Zapatoca Airport,"6,76726200","-73,28477500"
HRR,,Herrera Airport,"3,21666700","-75,85000000"
PLA,,Planadas Airport,"3,19705100","-75,64204200"
SQB,,Santa Ana Airport,"4,40833300","-75,02166700"
ARF,,Acaricuara Airport,"0,53333300","-70,13333300"
MFB,,Monfort Airport,"0,63333300","-69,75000000"
MHF,,Morichal Airport,"1,75000000","-69,91666700"
VAB,,Yavarate Airport,"0,61177200","-69,20736900"
CSR,,Casuarito Airport,"5,83333300","-68,13333300"
GMC,SKUV,Guerima Airport,"3,62999600","-70,32302800"
ACR,SKAC,Araracuara Airport,"-0,60085400","-72,39801100"
ACD,SKAD,Alcides Fernández Airport,"8,49784700","-77,27410600"
HAY,SKAG,Hacaritama Airport,"8,24700000","-73,58140000"
AFI,SKAM,Amalfi Airport,"6,89503300","-75,04733400"
API,SKAP,Gomez Nino Apiay Air Base,"4,07607000","-73,56270000"
AXM,SKAR,El Eden Airport,"4,45278000","-75,76640000"
PUU,SKAS,Tres De Mayo Airport,"0,50522800","-76,50080000"
ARQ,SKAT,El Troncal Airport,"7,02106000","-71,38890100"
ELB,SKBC,Las Flores Airport,"9,04554000","-73,97490000"
BGA,SKBG,Palonegro Airport,"7,12650000","-73,18480000"
NBB,SKBM,Barranco Minas Airport,"3,49069100","-69,80815100"
BOG,SKBO,El Dorado International Airport,"4,70159000","-74,14690000"
BAQ,SKBQ,Ernesto Cortissoz International Airport,"10,88960000","-74,78080000"
BSC,SKBS,José Celestino Mutis Airport,"6,20292000","-77,39470000"
BUN,SKBU,Gerardo Tobar López Airport,"3,81963000","-76,98980000"
CPB,SKCA,Capurganá Airport,"8,63216900","-77,35026200"
CUC,SKCC,Camilo Daza International Airport,"7,92757000","-72,51150000"
COG,SKCD,Mandinga Airport,"5,07200700","-76,67637300"
CTG,SKCG,Rafael Nuñez International Airport,"10,44240000","-75,51300000"
CCO,SKCI,Carimagua Airport,"4,56417000","-71,33640000"
CLO,SKCL,Alfonso Bonilla Aragon International Airport,"3,54271700","-76,38189800"
CIM,SKCM,Cimitarra Airport,"6,36748400","-73,97065800"
RAV,SKCN,Cravo Norte Airport,"6,31640400","-70,21137000"
TCO,SKCO,La Florida Airport,"1,81442000","-78,74920000"
BHF,SKCP,Cupica Airport,"6,69481700","-77,49364300"
CUO,SKCR,Carurú Airport,"1,01382200","-71,29734300"
CAQ,SKCU,Juan H White Airport,"7,96847000","-75,19850000"
CVE,SKCV,Coveñas Airport,"9,40092000","-75,69130000"
CZU,SKCZ,Las Brujas Airport,"9,33274000","-75,28560000"
EBG,SKEB,El Bagre Airport,"7,59647000","-74,80890000"
ECR,SKEH,El Charco Airport,"2,44944444","-78,09416667"
EJA,SKEJ,Yariguíes Airport,"7,02433000","-73,80680000"
FLA,SKFL,Gustavo Artunduaga Paredes Airport,"1,58919000","-75,56440000"
FDA,SKFU,Fundación Airport,"10,53330000","-74,20000000"
LGT,SKGA,La Gaviota Airport,"4,55054300","-70,92535300"
GIR,SKGI,Santiago Vila Airport,"4,27624000","-74,79670000"
CRC,SKGO,Santa Ana Airport,"4,75818000","-75,95570000"
GPI,SKGP,Guapi Airport,"2,57013000","-77,89796900"
CPL,SKHA,General Navas Pardo Airport,"3,72429300","-75,46578500"
HTZ,SKHC,Hato Corozal Airport,"6,15331100","-71,76196900"
IBE,SKIB,Perales Airport,"4,42161000","-75,13330000"
IGO,SKIG,Jaime Ortiz Betancourt Airport,"7,67760600","-76,68316500"
LPE,SKIM,La Primavera Airport,"5,47760000","-70,42120000"
IPI,SKIP,San Luis Airport,"0,86194600","-77,67178300"
JUO,SKJU,Juradó Airport,"7,07181000","-77,72711700"
APO,SKLC,Antonio Roldán Betancur Airport,"7,81196000","-76,71640000"
LQM,SKLG,Caucaya Airport,"-0,18227800","-74,77080000"
MCJ,SKLM,Jorge Isaac Airport,"11,23250000","-72,49010000"
LPD,SKLP,La Pedrera Airport,"-1,32488200","-69,58129400"
LET,SKLT,Alfredo Vásquez Cobo International Airport,"-4,19114700","-69,94200300"
TBD,SKMB,Timbiqui Airport,"2,77856900","-77,66804500"
EOH,SKMD,Enrique Olaya Herrera Airport,"6,21968600","-75,59059700"
MFS,SKMF,Miraflores Airport,"1,35000000","-71,94440000"
MGN,SKMG,Baracoa Airport,"9,28474000","-74,84610000"
MTB,SKML,Montelibano Airport,"7,97174000","-75,43250000"
MMP,SKMP,San Bernardo Airport,"9,25834800","-74,43839300"
MTR,SKMR,Los Garzones Airport,"8,82374000","-75,82580000"
MVP,SKMU,Fabio Alberto Leon Bentley Airport,"1,25366000","-70,23390000"
MZL,SKMZ,La Nubia Airport,"5,02960000","-75,46470000"
LMC,SKNA,La Macarena Airport,"2,17565000","-73,78674000"
NCI,SKNC,Necocli Airport,"8,45442900","-76,77932600"
NQU,SKNQ,Reyes Murillo Airport,"5,71034800","-77,26186800"
NVA,SKNV,Benito Salas Airport,"2,95015000","-75,29400000"
OCV,SKOC,Aguas Claras Airport,"8,31506000","-73,35830000"
ORC,SKOE,Orocue Airport,"4,79035500","-71,34818700"
OTU,SKOT,Otu Airport,"7,01053200","-74,71539800"
RON,SKPA,Juan Jose Rondon Airport,"5,76454000","-73,10540000"
PCR,SKPC,German Olano Airport,"6,18472000","-67,49320000"
PDA,SKPD,Obando Cesar Gaviria Trujillo Airport,"3,85353000","-67,90620000"
PEI,SKPE,Matecaña International Airport,"4,81267000","-75,73950000"
PTX,SKPI,Pitalito Airport,"1,85777000","-76,08570000"
PLT,SKPL,Plato Airport,"9,80000000","-74,78330000"
NAR,SKPN,Puerto Nare Airport,"6,21002000","-74,59060000"
PPN,SKPP,Guillermo León Valencia Airport,"2,45435900","-76,60925300"
PAL,SKPQ,German Olano Air Base,"5,48361000","-74,65740000"
PBE,SKPR,Puerto Berrio Airport,"6,46034000","-74,41050000"
PSO,SKPS,Antonio Nariño Airport,"1,39672200","-77,29093000"
PVA,SKPV,El Embrujo Airport,"13,35746100","-81,35797700"
PZA,SKPZ,Paz de Ariporo Airport,"5,87614600","-71,88667100"
MQU,SKQU,Mariquita Airport,"5,21256000","-74,88360000"
TCD,SKRA,Tarapacá Airport,"-2,89580200","-69,74976200"
MDE,SKRG,Jose Maria Córdova International Airport,"6,16454000","-75,42310000"
RCH,SKRH,Almirante Padilla Airport,"11,52620000","-72,92600000"
SNT,SKRU,Las Cruces Airport,"7,38322000","-73,50540200"
RVE,SKSA,Los Colonizadores Airport,"6,95186800","-71,85717900"
SJE,SKSJ,Jorge E. Gonzalez Torres Airport,"2,57969000","-72,63940000"
SSL,SKSL,Santa Rosalia Airport,"5,13090000","-70,86820000"
SMR,SKSM,Simón Bolívar International Airport,"11,11960000","-74,23060000"
SOX,SKSO,Alberto Lleras Camargo Airport,"5,67732000","-72,97030000"
ADZ,SKSP,Gustavo Rojas Pinilla International Airport,"12,58360000","-81,71120000"
SRS,SKSR,San Marcos Airport,"8,69000000","-75,15600000"
SVI,SKSV,Eduardo Falla Solano Airport,"2,15217000","-74,76630000"
TAU,SKTA,Tauramena Airport,"5,01281000","-72,74240000"
TIB,SKTB,Tibú Airport,"8,63152000","-72,73040000"
TDA,SKTD,Trinidad Airport,"5,43278000","-71,66250000"
TLU,SKTL,Golfo de Morrosquillo Airport,"9,50945000","-75,58540000"
TME,SKTM,Gustavo Vargas Airport,"6,45108000","-71,76030000"
TQS,SKTQ,Captain Ernesto Esguerra Cubides Air Base,"0,74590000","-75,23400000"
TRB,SKTU,Gonzalo Mejía Airport,"8,07187800","-76,74012400"
URI,SKUB,Uribe Airport,"3,23750000","-74,34722200"
AUC,SKUC,Santiago Perez Airport,"7,06888000","-70,73690000"
UIB,SKUI,El Caraño Airport,"5,69076000","-76,64120000"
ULQ,SKUL,Heriberto Gíl Martínez Airport,"4,08836000","-76,23510000"
URR,SKUR,Urrao Airport,"6,32883000","-76,14250000"
VGZ,SKVG,Villa Garzón Airport,"0,97876700","-76,60560000"
PYA,SKVL,Velásquez Airport,"5,93904000","-74,45700000"
VUP,SKVP,Alfonso López Pumarejo Airport,"10,43500000","-73,24950000"
VVC,SKVV,Vanguardia Airport,"4,16787000","-73,61380000"
AYG,SKYA,Yaguara Airport,"1,54417000","-73,93330000"
EYP,SKYP,El Alcaravan - Yopal Airport,"5,31911000","-72,38400000"
MHW,SLAG,Monteagudo Airport,"-19,82700000","-63,96099900"
SRE,SLAL,Alcantarí International Airport,"-19,24683500","-65,14961100"
APB,SLAP,Apolo Airport,"-14,73560000","-68,41190300"
ASC,SLAS,Ascención de Guarayos Airport,"-15,93336500","-63,15557500"
BJO,SLBJ,Bermejo Airport,"-22,77330017","-64,31289673"
CAM,SLCA,Camiri Airport,"-20,00656000","-63,52782700"
CBB,SLCB,Jorge Wilsterman International Airport,"-17,42110500","-66,17710200"
CIJ,SLCO,Capitán Aníbal Arab Airport,"-11,03910900","-68,78277400"
CEP,SLCP,Concepción Airport,"-16,14268800","-62,02659500"
SRZ,SLET,El Trompillo Airport,"-17,81159973","-63,17150116"
GYA,SLGM,Guayaramerín Airport,"-10,88856000","-65,38095500"
CCA,SLHI,Chimore Airport,"-16,97683400","-65,14556800"
BVK,SLHJ,Huacaraje Airport,"-13,60555600","-63,87944400"
SJS,SLJE,San José De Chiquitos Airport,"-17,83079900","-60,74309900"
SJB,SLJO,San Joaquín Airport,"-13,06720900","-64,67520500"
SJV,SLJV,San Javier Airport,"-16,27080000","-62,47029900"
LPB,SLLP,El Alto International Airport,"-16,51027200","-68,18941600"
MGD,SLMG,Magdalena Airport,"-13,26074838","-64,06076431"
ORU,SLOR,Juan Mendoza International Airport,"-17,95615100","-67,07582900"
POI,SLPO,Capitan Nicolas Rojas Airport,"-19,54333100","-65,72373400"
PUR,SLPR,Puerto Rico Airport,"-11,10766300","-67,55115500"
PSZ,SLPS,Capitán Av. Salvador Ogaya G. airport,"-18,97530100","-57,82059900"
SRD,SLRA,San Ramón Airport,"-13,26390000","-64,60389700"
RBO,SLRB,Roboré Airport,"-18,32822400","-59,76533900"
RIB,SLRI,Capitán Av. Selin Zeitun Lopez Airport,"-11,00935500","-66,07546800"
RBQ,SLRQ,Rurrenabaque Airport,"-14,42790000","-67,49680300"
REY,SLRY,Reyes Airport,"-14,30440000","-67,35340100"
SBL,SLSA,Santa Ana Del Yacuma Airport,"-13,76220036","-65,43520355"
SRJ,SLSB,Capitán Av. German Quiroga G. Airport,"-14,85920000","-66,73750300"
SNG,SLSI,Capitán Av. Juan Cochamanidis S. Airport,"-16,38719000","-60,96231800"
SNM,SLSM,San Ignacio de Moxos Airport,"-14,96580000","-65,63380000"
SRB,SLSR,Santa Rosa de Yacuma Airport,"-14,07307200","-66,78739100"
MQK,SLTI,San Matías Airport,"-16,33919900","-58,40190100"
TJA,SLTJ,Capitan Oriel Lea Plaza Airport,"-21,55570000","-64,70130200"
TDD,SLTR,Teniente Av. Jorge Henrich Arauz Airport,"-14,81870000","-64,91799900"
UYU,SLUY,Joya Andina International Airport,"-20,44130400","-66,85755300"
VAH,SLVG,Capitán Av. Vidal Villagomez Toledo Airport,"-18,48250000","-64,09940300"
VLM,SLVM,Teniente Coronel Rafael Pabón Airport,"-21,25519943","-63,40560150"
VVI,SLVR,Viru Viru International Airport,"-17,64480000","-63,13539900"
BYC,SLYA,Yacuiba Airport,"-21,96089935","-63,65169907"
ABN,SMBN,Albina Airport,"5,51272000","-54,05009800"
AAJ,SMCA,Cayana Airstrip,"3,89868100","-55,57790700"
TOT,SMCO,Totness Airport,"5,86583000","-56,32749900"
DRJ,SMDA,Drietabbetje Airport,"4,11135900","-54,67276600"
LDO,SMDO,Ladouanie Airport,"4,37610800","-55,40705700"
PBM,SMJP,Johan Adolf Pengel International Airport,"5,45283000","-55,18780100"
MOJ,SMMO,Moengo Airstrip,"5,60760000","-54,40030000"
ICK,SMNI,Nieuw Nickerie - Major Henk Fernandes Airport,"5,95543500","-57,04061700"
OEM,SMPA,Vincent Fayks Airport,"3,34605100","-55,44370700"
SMZ,SMST,Stoelmanseiland Airport,"4,35138900","-54,41805600"
KCB,SMTP,Tepoe Airstrip,"3,15000010","-55,71699905"
AGI,SMWA,Wageningen Airstrip,"5,84125200","-56,67324700"
WSO,SMWS,Washabo Airport,"5,21527700","-57,18530200"
ORG,SMZO,Zorg en Hoop Airport,"5,81121100","-55,19229900"
JSO,SN6L,Dr. Luciano de Arruda Coelho Regional Airport,"-3,61448800","-40,23142600"
JAW,SNAB,Araripina Airport,"-7,58641700","-40,53543100"
APQ,SNAL,Arapiraca Airport,"-9,77658900","-36,62898300"
AMJ,SNAR,Cirilo Queiróz Airport,"-16,16557900","-40,68402400"
AIF,SNAX,Marcelo Pires Halzhausen Airport,"-22,63860100","-50,45598300"
BDC,SNBC,Barra do Corda Airport,"-5,50250000","-45,21583300"
BRA,SNBR,Dom Ricardo Weberberger Airport,"-12,07890000","-45,00899900"
BSS,SNBS,Balsas Airport,"-7,52530500","-46,05336400"
BQQ,SNBX,Barra Airport,"-11,08080000","-43,14749900"
MXQ,SNCL,Lorenzo Airport,"-13,38944400","-38,91000000"
EEA,SNCP,Planalto Serrano Regional Airport,"-27,63412800","-50,35825300"
QCH,SNCX,Colatina Airport,"-19,48747600","-40,57936200"
RDC,SNDC,Redenção Airport,"-8,03118800","-49,97968700"
DTI,SNDT,Diamantina Airport,"-18,23200035","-43,65039825"
DIQ,SNDV,Brigadeiro Cabral Airport,"-20,18070030","-44,87089920"
JPE,SNEB,Nagib Demachki Airport,"-3,01979800","-47,31647400"
CNV,SNED,Sócrates Rezende Airport,"-15,66699982","-38,95470047"
VCC,SNEE,Vacaria Airport,"-28,43248000","-51,02332200"
SXX,SNFX,São Félix do Xingu Airport,"-6,64130000","-51,95230000"
GUZ,SNGA,Guarapari Airport,"-20,64650000","-40,49190100"
GDP,SNGD,Guadalupe Airport,"-6,78221989","-43,58219910"
GNM,SNGI,Guanambi Airport,"-14,20820000","-42,74610100"
QGP,SNGN,Garanhuns Airport,"-8,83428000","-36,47160000"
SET,SNHS,Santa Magalhães Airport,"-8,06143300","-38,32888800"
IRE,SNIC,Irecê Airport,"-11,33990002","-41,84700012"
QIG,SNIG,Iguatu Airport,"-6,34631900","-39,29444800"
QIT,SNIP,Itapetinga Airport,"-15,24450016","-40,27719879"
IPU,SNIU,Ipiaú Airport,"-14,17353800","-39,68399000"
JCM,SNJB,Jacobina Airport,"-11,16320000","-40,55310100"
JEQ,SNJK,Jequié Airport,"-13,87770000","-40,07160200"
JMA,SNJM,Aeroporto Elias Breder Airport,"-20,25972200","-42,18388700"
JNA,SNJN,Januária Airport,"-15,47380000","-44,38550200"
JDR,SNJR,Prefeito Octávio de Almeida Neves Airport,"-21,08563800","-44,22529900"
CDI,SNKI,Cachoeiro do Itapemirim - Raimundo de Andrade Airport,"-20,83429900","-41,18560000"
QCP,SNKN,Currais Novos Airport,"-6,28083277","-36,54027939"
LHN,SNLN,Linhares Municipal Airport,"-19,35520200","-40,07128000"
SSO,SNLO,São Lourenço Airport,"-22,09090000","-45,04449800"
MTE,SNMA,Monte Alegre Airport,"-1,99580000","-54,07420000"
MVS,SNMU,Mucuri Airport,"-18,04890100","-39,86432100"
SBJ,SNMX,São Mateus - Ernesto Bonomo Airport,"-18,72130000","-39,83369800"
PTQ,SNMZ,Porto de Moz Airport,"-1,74130700","-52,23602600"
NNU,SNNU,Nanuque Airport,"-17,82315800","-40,32966200"
PSW,SNOS,José Figueiredo Municipal Airport,"-20,73183800","-46,66201100"
FEJ,SNOU,Feijó Airport,"-8,14121300","-70,34082100"
ORX,SNOX,Oriximiná Airport,"-1,71408000","-55,83620100"
PCS,SNPC,Picos Airport,"-7,06138500","-41,52587100"
POJ,SNPD,Patos de Minas Airport,"-18,67267300","-46,49129200"
PIV,SNPX,Pirapora Airport,"-17,31690025","-44,86029816"
SNQ,,San Quintín Military Airstrip,"30,52880000","-115,94620000"
FLB,SNQG,Cangapara Airport,"-6,84639000","-43,07730100"
CHD,SNQU,Mucugê Airport,"-13,03120000","-41,44409900"
PDF,SNRD,Prado Airport,"-17,29697600","-39,27113100"
CAU,SNRU,Caruaru Airport,"-8,28239000","-36,01350000"
OPP,SNSM,Salinópolis Airport,"-0,69611100","-47,33611100"
SFK,SNI6,Soure Airport,"-0,69784400","-48,51975900"
TXF,SNTF,9 de Maio - Teixeira de Freitas Airport,"-17,52439200","-39,66849900"
OBI,SNTI,Óbidos Municipal Airport,"-1,86798100","-55,51459600"
TFL,SNTO,Juscelino Kubitscheck Airport,"-17,89230000","-41,51359900"
JPO,SNTS,Aeroporto Brigadeiro Firmino Ayres,"-7,03899000","-37,25159800"
AIY,SNUI,Araçuaí Airport,"-16,85157100","-42,04563300"
VAL,SNVB,Valença Airport,"-13,29650000","-38,99240100"
BVS,SNVS,Breves Airport,"-1,63653000","-50,44360000"
CMC,SNWC,Camocim - Pinto Martins Airport,"-2,89559600","-40,85929900"
JCS,SNWS,Crateús Airport,"-5,21135000","-40,70420100"
GGF,SNYA,Almeirim Airport,"-1,47952400","-52,57821400"
PHI,SNYE,Pinheiro Airport,"-2,47742600","-45,10500300"
GMS,SNYW,Antônio Guerreiro Airport,"-2,10944400","-44,65111400"
PPY,SNZA,Pouso Alegre Airport,"-22,28920000","-45,91910200"
PYT,SNZR,Pedro Rabelo de Souza Airport,"-17,24259900","-46,88309900"
ITE,SNZW,Ituberá Airport,"-13,73157100","-39,14037700"
LKR,,Las Khorey Airport,"11,17348000","48,21426000"
GUO,,Guriel Airport,"5,31741200","45,98530800"
BXX,,Borama Airport,"9,94630000","43,14950000"
SOA,,Sóc Trăng Airport,"9,58140000","105,96020000"
CAY,SOCA,Cayenne – Félix Eboué Airport,"4,81996400","-52,36132600"
GSI,SOGS,Grand-Santi Airport,"4,28583300","-54,37305600"
MPY,SOOA,Maripasoula Airport,"3,65590700","-54,03943100"
OYP,SOOG,Saint-Georges-de-l'Oyapock Airport,"3,89760000","-51,80410000"
LDX,SOOM,Saint-Laurent-du-Maroni Airport,"5,48189100","-54,03496400"
REI,SOOR,Régina Airport,"4,31339000","-52,13274500"
XAU,SOOS,Saül Airport,"3,61361000","-53,20420100"
SOR,,Al Thaurah Airport,"34,39039400","40,15256000"
ALD,SPAR,Alerta Airport,"-11,65018000","-69,22961400"
AOP,SPAS,Alferez FAP Alfredo Vladimir Sara Bauer Airport,"-2,79612994","-76,46659851"
AYX,SPAY,Teniente General Gerardo Pérez Pinedo Airport,"-10,72910000","-73,76650200"
MBP,SPBB,Moyobamba Airport,"-6,01888900","-76,98832700"
IBP,SPBR,Iberia Airport,"-11,41160000","-69,48870100"
PCL,SPCL,Cap FAP David Abenzur Rengifo International Airport,"-8,37806400","-74,57449500"
TDP,SPDR,Trompeteros Airport,"-3,80601000","-75,03929900"
CHM,SPEO,FAP Lieutenant Jaime Andres de Montreuil Morales Airport,"-9,14961000","-78,52380400"
CGL,SPGL,Chagual Airport,"-7,79762400","-77,65124900"
TGI,SPGM,Tingo Maria Airport,"-9,28966700","-76,00505800"
CIX,SPHI,Capitán FAP José A. Quiñones González International Airport,"-6,78922300","-79,82825400"
AYP,SPHO,Air Force Colonel Alfredo Mendivil Duarte Airport,"-13,15480000","-74,20439900"
ANS,SPHY,Andahuaylas Airport,"-13,70639992","-73,35040283"
ATA,SPHZ,Comandante FAP German Arias Graziani Airport,"-9,34743977","-77,59839630"
UMI,SPIL,Quincemil Air Base,"-13,23135700","-70,75145000"
LIM,SPJC,Jorge Chávez International Airport,"-12,02190000","-77,11430500"
UCZ,SPIZ,Uchiza Airport,"-8,46700000","-76,34999800"
RIJ,SPJA,Juan Simons Vela Airport,"-6,06786000","-77,16000400"
JAE,SPJE,Shumba Airport,"-5,59248000","-78,77400200"
JJI,SPJI,Juanjui Airport,"-7,16910000","-76,72860000"
JAU,SPJJ,Francisco Carle Airport,"-11,78310013","-75,47339630"
JUL,SPJL,Inca Manco Capac International Airport,"-15,46768900","-70,15653000"
SJA,SPJN,San Juan de Marcona Airport,"-15,35750800","-75,13500500"
CJA,SPJR,Mayor General FAP Armando Revoredo Iglesias Airport,"-7,13918000","-78,48940300"
RIM,SPLN,San Nicolas Airport,"-6,39231000","-77,50119800"
ILQ,SPLO,General Jorge Fernandez Maldon Airport,"-17,69500000","-71,34400200"
TBP,SPME,Captain Pedro Canga Rodríguez International Airport,"-3,55207400","-80,38108600"
MZA,SPMF,Mayor PNP Nancy Flores Paucar Airport,"-11,32540000","-74,53559800"
YMS,SPMS,Moises Benzaquen Rengifo Airport,"-5,89377000","-76,11820200"
HUU,SPNC,Alferez Fap David Figueroa Fernandini Airport,"-9,87880993","-76,20480347"
SQU,SPOA,Saposoa Airport,"-6,96003000","-76,76840200"
CHH,SPPY,Chachapoyas Airport,"-6,20191100","-77,85619500"
IQT,SPQT,Coronel FAP Francisco Secada Vignetta International Airport,"-3,78474000","-73,30880000"
AQP,SPQU,Rodríguez Ballón International Airport,"-16,34078600","-71,56948500"
TRU,SPRU,Capitán FAP Carlos Martínez de Pinillos International Airport,"-8,08238200","-79,10882100"
PIO,SPSO,Captain Renán Elías Olivera International Airport,"-13,74490000","-76,22029900"
TPP,SPST,Cadete FAP Guillermo Del Castillo Paredes Airport,"-6,50873995","-76,37319946"
SYC,SPSY,Shiringayoc Airport,"-11,89800000","-69,06250000"
TCQ,SPTN,Coronel FAP Carlos Ciriani Santa Rosa International Airport,"-18,05330086","-70,27580261"
PEM,SPTU,Padre Aldamiz International Airport,"-12,61359978","-69,22859955"
PIU,SPUR,PAF Captain Guillermo Concha Iberico International Airport,"-5,20575000","-80,61640200"
TYL,SPYL,Captain Victor Montes Arias International Airport,"-4,57664000","-81,25409700"
NZC,SPZA,Maria Reiche Neuman Airport,"-14,85400000","-74,96150200"
CUZ,SPZO,Alejandro Velasco Astete International Airport,"-13,53569984","-71,93879700"
EAX,,Eduard Alexander Gummels Airport,"5,86040000","-55,19200000"
SRL,,Palo Verde Airport,"27,09270000","-112,09850000"
SRM,,Sandringham Airport,"-24,05680000","139,08210000"
SRV,SRV,Stony River 2 Airport,"61,78970000","-156,58900500"
CZB,SSAK,Carlos Ruhl Airport,"-28,65793400","-53,61009500"
APU,SSAP,Captain João Busse Airport,"-23,60909900","-51,38430100"
BGV,SSBG,Aeroclube de Bento Gonçalves Airport,"-29,14742400","-51,54079100"
BNU,SSBL,Blumenau Airport,"-26,83166100","-49,09356900"
CCI,SSCK,Olavo Cecco Rigon Airport,"-27,18051100","-52,05175500"
CSS,SSCL,Cassilândia Airport,"-19,14686100","-51,67694100"
CEL,SSCN,Canela Airport,"-29,37009100","-50,83172900"
CKO,SSCP,Cornélio Procópio Airport,"-23,15271100","-50,60286800"
GGH,SSCT,Engenheiro Gastão de Mesquita Filho Airport,"-23,69157000","-52,64209100"
ERM,SSER,Erechim Airport,"-27,66361400","-52,27148900"
FBE,SSFB,Paulo Abdala Airport,"-26,05938000","-53,06382700"
GGJ,SSGY,Guaíra Airport,"-24,08110000","-54,19170000"
HRZ,SSHZ,Walter Bündchen Airport,"-27,63830000","-54,33910000"
IJU,SSIJ,João Batista Bos Filho Airport,"-28,36871100","-53,84656800"
ITQ,SSIQ,Itaqui Airport,"-29,17198100","-56,53834300"
JCB,SSJA,Santa Terezinha Airport,"-27,17151400","-51,55332700"
CBW,SSKM,Campo Mourão Airport,"-24,00919900","-52,35680000"
QDB,SSKS,Cachoeira do Sul Airport,"-30,00189972","-52,94079971"
OAL,SSKW,Cacoal Airport,"-11,49600000","-61,45080000"
LOI,SSLN,Helmuth Baungarten Airport,"-27,15999985","-49,54249954"
ALQ,SSLT,Alegrete Novo Airport,"-29,81159500","-55,89470700"
QGF,SSNG,Montenegro Airport,"-29,71940041","-51,48939896"
QHV,SSNH,Novo Hamburgo Airport,"-29,69610023","-51,08169937"
SQX,SSOE,São Miguel do Oeste Hélio Wasum Airport,"-26,78160100","-53,50350200"
APX,SSOG,Arapongas Airport,"-23,35263600","-51,49196700"
VRZ,SSOL,Padre Israel Airport,"-21,24060100","-44,96390200"
AIR,SSOU,Aripuanã Airport,"-10,18737500","-59,45746900"
PNG,SSPG,Paranaguá Airport,"-25,54010000","-48,53120000"
PVI,SSPI,Paranavaí Airport,"-23,08989900","-52,48849900"
PBB,SSPN,Paranaíba Airport,"-19,65119900","-51,19940200"
SQY,SSRU,São Lourenço do Sul Airport,"-31,38330078","-52,03279877"
SSS,,Siassi Airport,"-5,59650000","147,81060000"
JBS,SSSB,São Borja Airport,"-28,65490000","-56,03459900"
CSU,SSSC,Santa Cruz do Sul Airport,"-29,68409900","-52,41220100"
UMU,SSUM,Orlando de Carvalho Airport,"-23,79870000","-53,31380100"
ZFU,SSUO,Unifly Heliport,"-23,40861130","-46,33055496"
UVI,SSUV,José Cleto Airport,"-26,23322400","-51,06675400"
VIA,SSVI,Videira Airport,"-26,99970100","-51,14189900"
BMS,SSXH,Sócrates Mariani Bittencourt Airport,"-14,25540000","-41,81750100"
AXE,SSXX,Xanxerê Airport,"-26,87506700","-52,37286200"
SRA,SSZR,Luis Alberto Lehr Airport,"-27,90658000","-54,52062800"
ATI,SUAG,Artigas International Airport,"-30,40070000","-56,50790000"
BUV,SUBU,Placeres Airport,"-30,31980700","-57,55882300"
CYR,SUCA,Colonia Laguna de Los Patos International Airport,"-34,45640200","-57,77059900"
DZO,SUDU,Santa Bernardina International Airport,"-33,35889800","-56,49919900"
PDP,SULS,Capitan Corbeta CA Curbelo International Airport,"-34,85509900","-55,09429900"
MLZ,SUMO,Cerro Largo International Airport,"-32,33789800","-54,21670200"
MVD,SUMU,Carrasco General Cesáreo L. Berisso International Airport,"-34,83564700","-56,02649700"
PDU,SUPU,Tydeo Larre Borges Airport,"-32,36330000","-58,06190100"
RVY,SURV,Pres. Gral. Óscar D. Gestido Binational Airport,"-30,97460000","-55,47620000"
STY,SUSO,Nueva Hesperides International Airport,"-31,43849900","-57,98529800"
TAW,SUTB,Tacuarembo Airport,"-31,74900100","-55,92580100"
TYT,SUTR,Treinta y Tres Airport,"-33,19571400","-54,34724600"
VCH,SUVO,Vichadero Airport,"-31,73916600","-54,58777600"
AGV,SVAC,Oswaldo Guevara Mujica Airport,"9,55337500","-69,23786900"
AAO,SVAN,Anaco Airport,"9,43022500","-64,47072600"
LPJ,SVAS,Armando Schwarck Airport,"6,57750400","-66,81656400"
BLA,SVBC,General José Antonio Anzoategui International Airport,"10,11111100","-64,69222200"
BNS,SVBI,Barinas Airport,"8,61500000","-70,21416700"
BRM,SVBM,Jacinto Lara International Airport,"10,04274700","-69,35862000"
MYC,SVBS,Escuela Mariscal Sucre Airport,"10,24997800","-67,64942200"
CBL,SVCB,General Tomas de Heres Airport,"8,12216100","-63,53695700"
CXA,SVCD,Caicara del Orinoco Airport,"7,62551000","-66,16280400"
CUV,SVCG,Casigua El Cubo Airport,"8,75814000","-72,53630100"
CLZ,SVCL,Calabozo Airport,"8,92465600","-67,41709100"
CAJ,SVCN,Canaima Airport,"6,23198900","-62,85485000"
CUP,SVCP,General Francisco Bermúdez Airport,"10,66001400","-63,26168100"
CZE,SVCR,José Leonardo Chirinos Airport,"11,41494400","-69,68090100"
CUM,SVCU,Antonio José de Sucre Airport,"10,45033300","-64,13047000"
PPZ,SVPP,Puerto Paez Airport,"6,22009500","-67,44750800"
EOR,SVED,El Dorado Airport,"6,71573000","-61,63878600"
EOZ,SVEZ,Elorza Airport,"7,05967700","-69,49670000"
GDO,SVGD,Guasdualito Airport,"7,21083400","-70,75638600"
GUI,SVGI,Guiria Airport,"10,57407761","-62,31266785"
GUQ,SVGU,Guanare Airport,"9,02694400","-69,75515000"
HGE,SVHG,Higuerote Airport,"10,46247400","-66,09277900"
ICA,,Ikabaru Airport,"4,33813700","-61,73866100"
ICC,SVIE,Andrés Miguel Salazar Marcano Airport,"10,79443200","-63,98159000"
LSP,SVJC,Josefa Camejo International Airport,"11,78077500","-70,15149700"
KAV,SVKA,Kavanayen Airport,"5,59305600","-61,76333300"
KTV,SVKM,Kamarata Airport,"5,71710000","-62,33727000"
LFR,SVLF,La Fria Airport,"8,23916700","-72,27102700"
MAR,SVMC,La Chinita International Airport,"10,55754200","-71,72930700"
MRD,SVMD,Alberto Carnevalli Airport,"8,58207800","-71,16104100"
PMV,SVMG,Del Caribe Santiago Mariño International Airport,"10,91260300","-63,96659900"
CCS,SVMI,Maiquetía Simón Bolívar International Airport,"10,60221400","-66,99117400"
MUN,SVMT,José Tadeo Monagas International Airport,"9,74902300","-63,15334800"
CBS,SVON,Oro Negro Airport,"10,33070000","-71,32250200"
PYH,SVPA,Cacique Aramare Airport,"5,61999000","-67,60610200"
PBL,SVPC,General Bartolome Salom International Airport,"10,48050000","-68,07299800"
PDZ,SVPE,Pedernales Airport,"9,97867200","-62,23131800"
PPH,SVPX,Paraitepuy Airstrip,"4,60036200","-61,49816000"
SCI,SVPM,Paramillo Airport,"7,80138900","-72,20277800"
PZO,SVPR,General Manuel Carlos Piar International Airport,"8,28853000","-62,76039900"
PTM,SVPT,Palmarito Airport,"7,57547900","-70,17443500"
LRV,SVRS,Los Roques Airport,"11,94693500","-66,66833300"
SVS,PFSV,Stevens Village Airport,"66,01672700","-149,05683500"
SVZ,SVSA,Juan Vicente Gómez International Airport,"7,84080900","-72,43987800"
SBB,SVSB,Santa Bárbara de Barinas Airport,"7,80351400","-71,16571800"
SNV,,Santa Elena de Uairén Airport,"4,55469900","-61,14523400"
STD,SVSO,Mayor Buenaventura Vivas International Airport,"7,56538000","-72,03510300"
SNF,SVSP,Sub Teniente Nestor Arias Airport,"10,27870000","-68,75520300"
SFD,SVSR,San Fernando de Apure Las Flecheras National Airport,"7,88332000","-67,44400000"
SOM,SVST,San Tomé Airport,"8,94514656","-64,15108490"
STB,SVSZ,Miguel Urdaneta Fernández Airport,"8,97455000","-71,94325300"
TUV,SVTC,Tucupita Airport,"9,08899400","-62,09417300"
TMO,SVTM,Tumeremo Airport,"7,24938000","-61,52893000"
URM,SVUM,Uriman Airport,"5,35811800","-62,67162500"
WOK,SVUQ,Uon Quen Airport,"4,98400200","-61,73010200"
VLN,SVVA,Arturo Michelena International Airport,"10,14973300","-67,92839800"
VIG,SVVG,Juan Pablo Pérez Alfonso Airport,"8,62413900","-71,67266800"
VLV,SVVL,Dr. Antonio Nicolás Briceño Airport,"9,34047800","-70,58406100"
VDP,SVVP,Valle de La Pascua Airport,"9,22202778","-65,99358368"
BAZ,SWBC,Barcelos Airport,"-0,98119100","-62,91860300"
JSB,SWBE,Walfrido Salmito de Almeida Airport,"-4,04284100","-40,89381300"
LCB,SWBG,André Antônio Maggi Airport,"-15,19340000","-59,38480000"
RBB,SWBR,Borba Airport,"-4,40634000","-59,60240200"
CAF,SWCA,Carauari Airport,"-4,87147300","-66,89755200"
CQS,SWCQ,Costa Marques Airport,"-12,42110000","-64,25160200"
DMT,SWDM,Diamantino Airport,"-14,37690000","-56,40039800"
DNO,SWDN,Dianópolis Airport,"-11,59540000","-46,84669900"
ERN,SWEI,Eirunepé Airport,"-6,63953300","-69,87970900"
CQA,SWEK,Canarana Airport,"-13,57654500","-52,26829600"
SXO,SWFX,São Félix do Araguaia Airport,"-11,63240000","-50,68960200"
GRP,SWGI,Gurupi Airport,"-11,73960000","-49,13219800"
AUX,SWGN,Araguaína Airport,"-7,22787000","-48,24050100"
GGB,SWHP,Frederico Carlos Müller Airport,"-14,01995900","-52,15200300"
HUW,SWHT,Humaitá Airport,"-7,53212023","-63,07210159"
IPG,SWII,Ipiranga Airport,"-2,94014100","-69,69426400"
IDO,SWIY,Santa Izabel do Morro Airport,"-11,57229996","-50,66619873"
JIA,SWJN,Juína Airport,"-11,41944400","-58,70166800"
JTI,SWJW,Jataí Airport,"-17,82990074","-51,77299881"
CCX,SWKC,Cáceres Airport,"-16,04360000","-57,62990200"
CIZ,SWKO,Danilson Municipal Airport,"-4,13406000","-63,13259900"
NSR,SWKQ,Serra da Capivara Airport,"-9,08339200","-42,64465600"
TLZ,SWKT,Catalão Airport,"-18,21680100","-47,89970000"
LBR,SWLB,Lábrea Airport,"-7,27897000","-64,76950100"
RVD,SWLC,General Leite de Castro Airport,"-17,83472300","-50,95611200"
MBZ,SWMW,Maués Airport,"-3,37217000","-57,72480000"
NVP,SWNA,Novo Aripuanã Airport,"-5,11803000","-60,36489900"
BCR,SWNK,Novo Campo Airport,"-8,83457300","-67,31248500"
NQL,SWNQ,Niquelândia Airport,"-14,43486900","-48,49161500"
APS,SWNS,Anápolis Airport,"-16,36357500","-48,92880000"
FBA,SWOB,Fonte Boa Airport,"-2,53260994","-66,08319855"
PIN,SWPI,Parintins Airport,"-2,67352100","-56,77762500"
PBQ,SWPM,Pimenta Bueno Airport,"-11,64160000","-61,17910000"
PBX,SWPQ,Fazenda Piraguassu Airport,"-10,85935000","-51,68815200"
IRZ,SWTP,Tapuruquara Airport,"-0,37860400","-64,99255800"
TGQ,SWTS,Tangará da Serra Airport,"-14,66200000","-57,44374400"
AZL,SWTU,Fazenda Tucunaré Airport,"-13,46552800","-58,86693500"
SQM,SWUA,São Miguel do Araguaia Airport,"-13,33130000","-50,19760100"
VLP,SWVC,Vila Rica Airport,"-9,98105700","-51,14035800"
MBK,SWXM,Orlando Villas Boas Regional Airport,"-10,17036800","-54,95396400"
NOK,SWXV,Xavantina Airport,"-14,69777800","-52,34724600"
IUP,SWYN,Apuí Airport,"-7,17277300","-59,83960000"
ITI,SWEU,Fazenda Americana Airport,"-18,14759100","-41,71504400"
SXP,,Nunam Iqua Airport,"62,52059900","-164,84800600"
AHL,SYAH,Aishalton Airport,"2,47403000","-59,32078600"
NAI,SYAN,Annai Airport,"3,95944000","-59,12419900"
SYB,,Seal Bay Seaplane Base,"58,37329100","-152,20179700"
BMJ,SYBR,Baramita Airport,"7,37109600","-60,48926000"
GFO,SYBT,Bartica A Airport,"6,35886400","-58,65520700"
GEO,SYCJ,Cheddi Jagan International Airport,"6,49855000","-58,25410100"
SYF,,Silva Bay Seaplane Base,"49,15100000","-123,69800000"
OGL,SYEC,Eugene F. Correia International Airport,"6,80588100","-58,10765700"
IMB,SYIB,Imbaimadai Airport,"5,70811000","-60,29420100"
KAI,SYKA,Kaieteur Airport,"5,17734900","-59,48898000"
KAR,SYKM,Kamarang Airport,"5,86534000","-60,61420100"
KRM,SYKR,Karanambo Airport,"3,75257200","-59,30902000"
KRG,SYKS,Karasabai Airport,"4,03005000","-59,54749000"
KTO,SYKT,Kato Airport,"4,64916000","-59,83219900"
KKG,SYKZ,Konawaruk Airport,"5,26840000","-58,99500000"
SYL,KSYL,Roberts Army Heliport,"35,81499900","-120,74400300"
LUB,SYLP,Lumid Pau Airport,"2,39392996","-59,44100189"
LTM,SYLT,Lethem Airport,"3,37276000","-59,78939800"
USI,SYMB,Mabaruma Airport,"8,20017000","-59,77796500"
MHA,SYMD,Mahdia Airport,"5,27284500","-59,14929600"
VEG,SYMK,Maikwak Airport,"4,89817200","-59,81702700"
MYM,SYMM,Monkey Mountain Airport,"4,45226700","-59,60312600"
MWJ,SYMR,Matthews Ridge Airport,"7,48773600","-60,18523700"
QSX,SYNA,New Amsterdam Airport,"6,24432400","-57,47417200"
ORJ,SYOR,Orinduik Airport,"4,72527000","-60,03500000"
PKM,SYPK,Port Kaituma Airport,"7,74222000","-59,88261200"
PIQ,SYPL,Pipillipai Airport,"5,35666700","-60,38100000"
PMT,SYPM,Paramakatoi Airport,"4,69958700","-59,71384100"
PRR,SYPR,Paruima Airport,"5,81724000","-61,05548900"
SDC,SYSC,Sand Creek Airport,"2,99130000","-59,51000000"
SKM,SYSK,Skeldon Airport,"5,85967600","-57,14901000"